5.30E+11,47.727687,-122.281516,47.727687,-122.281516
5.30E+11,47.7293165,-122.292469,47.7293165,-122.292469
5.30E+11,47.7228093,-122.2894558,47.7228093,-122.2894558
5.30E+11,47.7319367,-122.2944531,47.7319367,-122.2944531
5.30E+11,47.7229283,-122.2944374,47.7229283,-122.2944374
5.30E+11,47.7290869,-122.2989162,47.7290869,-122.2989162
5.30E+11,47.72179,-122.3028293,47.72179,-122.3028293
5.30E+11,47.7279294,-122.3190327,47.7279294,-122.3190327
5.30E+11,47.7286592,-122.3101784,47.7286592,-122.3101784
5.30E+11,47.7227588,-122.3139286,47.7227588,-122.3139286
5.30E+11,47.729221,-122.3046804,47.729221,-122.3046804
5.30E+11,47.7300655,-122.3289033,47.7300655,-122.3289033
5.30E+11,47.7313815,-122.3404296,47.7313815,-122.3404296
5.30E+11,47.7308311,-122.3507154,47.7308311,-122.3507154
5.30E+11,47.7295922,-122.3582502,47.7295922,-122.3582502
5.30E+11,47.7250894,-122.3511384,47.7250894,-122.3511384
5.30E+11,47.7223429,-122.3556433,47.7223429,-122.3556433
5.30E+11,47.7148698,-122.3475496,47.7148698,-122.3475496
5.30E+11,47.7141594,-122.3555649,47.7141594,-122.3555649
5.30E+11,47.7183437,-122.3561478,47.7183437,-122.3561478
5.30E+11,47.7249329,-122.3718768,47.7249329,-122.3718768
5.30E+11,47.7206019,-122.363652,47.7206019,-122.363652
5.30E+11,47.7152604,-122.3663004,47.7152604,-122.3663004
5.30E+11,47.7251219,-122.3365251,47.7251219,-122.3365251
5.30E+11,47.7149025,-122.315264,47.7149025,-122.315264
5.30E+11,47.7197645,-122.3371991,47.7197645,-122.3371991
5.30E+11,47.7120765,-122.3371285,47.7120765,-122.3371285
5.30E+11,47.717746,-122.3255867,47.717746,-122.3255867
5.30E+11,47.7160682,-122.3190489,47.7160682,-122.3190489
5.30E+11,47.7174424,-122.2946004,47.7174424,-122.2946004
5.30E+11,47.7147743,-122.297382,47.7147743,-122.297382
5.30E+11,47.7175538,-122.3072289,47.7175538,-122.3072289
5.30E+11,47.7139286,-122.3071403,47.7139286,-122.3071403
5.30E+11,47.7153863,-122.28715,47.7153863,-122.28715
5.30E+11,47.7081668,-122.2852865,47.7081668,-122.2852865
5.30E+11,47.7127864,-122.2796303,47.7127864,-122.2796303
5.30E+11,47.7063747,-122.2749586,47.7063747,-122.2749586
5.30E+11,47.7096097,-122.2963087,47.7096097,-122.2963087
5.30E+11,47.7043679,-122.2959096,47.7043679,-122.2959096
5.30E+11,47.7092748,-122.3057238,47.7092748,-122.3057238
5.30E+11,47.7040663,-122.3077925,47.7040663,-122.3077925
5.30E+11,47.7067404,-122.3151128,47.7067404,-122.3151128
5.30E+11,47.704328,-122.3200238,47.704328,-122.3200238
5.30E+11,47.7091931,-122.3210308,47.7091931,-122.3210308
5.30E+11,47.7075152,-122.3264452,47.7075152,-122.3264452
5.30E+11,47.7075947,-122.3316209,47.7075947,-122.3316209
5.30E+11,47.7028559,-122.3378598,47.7028559,-122.3378598
5.30E+11,47.7048217,-122.3460347,47.7048217,-122.3460347
5.30E+11,47.7001728,-122.3450381,47.7001728,-122.3450381
5.30E+11,47.7105298,-122.3555061,47.7105298,-122.3555061
5.30E+11,47.7070891,-122.3585466,47.7070891,-122.3585466
5.30E+11,47.7028664,-122.364308,47.7028664,-122.364308
5.30E+11,47.7062878,-122.3734343,47.7062878,-122.3734343
5.30E+11,47.6961958,-122.3905366,47.6961958,-122.3905366
5.30E+11,47.6979157,-122.3990268,47.6979157,-122.3990268
5.30E+11,47.7056204,-122.3809955,47.7056204,-122.3809955
5.30E+11,47.6963993,-122.3832979,47.6963993,-122.3832979
5.30E+11,47.6933275,-122.377954,47.6933275,-122.377954
5.30E+11,47.6921888,-122.3576268,47.6921888,-122.3576268
5.30E+11,47.6958402,-122.3525289,47.6958402,-122.3525289
5.30E+11,47.7020793,-122.3528889,47.7020793,-122.3528889
5.30E+11,47.699278,-122.3574379,47.699278,-122.3574379
5.30E+11,47.6924455,-122.3687262,47.6924455,-122.3687262
5.30E+11,47.6963785,-122.368407,47.6963785,-122.368407
5.30E+11,47.6978405,-122.3619724,47.6978405,-122.3619724
5.30E+11,47.6942077,-122.3375804,47.6942077,-122.3375804
5.30E+11,47.692222,-122.3443809,47.692222,-122.3443809
5.30E+11,47.6954034,-122.3465577,47.6954034,-122.3465577
5.30E+11,47.6994924,-122.3280425,47.6994924,-122.3280425
5.30E+11,47.6949507,-122.3203287,47.6949507,-122.3203287
5.30E+11,47.6932037,-122.3283714,47.6932037,-122.3283714
5.30E+11,47.6935121,-122.3108328,47.6935121,-122.3108328
5.30E+11,47.6989841,-122.3135657,47.6989841,-122.3135657
5.30E+11,47.6946512,-122.3139541,47.6946512,-122.3139541
5.30E+11,47.6962622,-122.2939347,47.6962622,-122.2939347
5.30E+11,47.6975256,-122.3007329,47.6975256,-122.3007329
5.30E+11,47.6924853,-122.3011618,47.6924853,-122.3011618
5.30E+11,47.7017757,-122.2834575,47.7017757,-122.2834575
5.30E+11,47.6962437,-122.2861748,47.6962437,-122.2861748
5.30E+11,47.6922985,-122.2695132,47.6922985,-122.2695132
5.30E+11,47.6873368,-122.2727892,47.6873368,-122.2727892
5.30E+11,47.6879755,-122.2845965,47.6879755,-122.2845965
5.30E+11,47.6844333,-122.2848394,47.6844333,-122.2848394
5.30E+11,47.6863314,-122.292662,47.6863314,-122.292662
5.30E+11,47.6865099,-122.301475,47.6865099,-122.301475
5.30E+11,47.6794113,-122.30366,47.6794113,-122.30366
5.30E+11,47.687589,-122.3094869,47.687589,-122.3094869
5.30E+11,47.6822031,-122.3113993,47.6822031,-122.3113993
5.30E+11,47.6776154,-122.312003,47.6776154,-122.312003
5.30E+11,47.6860363,-122.3147077,47.6860363,-122.3147077
5.30E+11,47.6870853,-122.3206511,47.6870853,-122.3206511
5.30E+11,47.6867117,-122.3278947,47.6867117,-122.3278947
5.30E+11,47.6871297,-122.3344937,47.6871297,-122.3344937
5.30E+11,47.6866649,-122.3415091,47.6866649,-122.3415091
5.30E+11,47.685482,-122.3499053,47.685482,-122.3499053
5.30E+11,47.6829111,-122.349865,47.6829111,-122.349865
5.30E+11,47.6807271,-122.3500333,47.6807271,-122.3500333
5.30E+11,47.6887575,-122.3499161,47.6887575,-122.3499161
5.30E+11,47.6885797,-122.3604052,47.6885797,-122.3604052
5.30E+11,47.682656,-122.3583474,47.682656,-122.3583474
5.30E+11,47.6835401,-122.3635194,47.6835401,-122.3635194
5.30E+11,47.6850937,-122.3681951,47.6850937,-122.3681951
5.30E+11,47.6887443,-122.3762934,47.6887443,-122.3762934
5.30E+11,47.6832235,-122.3735987,47.6832235,-122.3735987
5.30E+11,47.6832293,-122.3794379,47.6832293,-122.3794379
5.30E+11,47.6877831,-122.3854445,47.6877831,-122.3854445
5.30E+11,47.6865857,-122.3912517,47.6865857,-122.3912517
5.30E+11,47.6822826,-122.3854552,47.6822826,-122.3854552
5.30E+11,47.6812294,-122.3950644,47.6812294,-122.3950644
5.30E+11,47.6887931,-122.4026705,47.6887931,-122.4026705
5.30E+11,47.6773676,-122.3902634,47.6773676,-122.3902634
5.30E+11,47.6730961,-122.390257,47.6730961,-122.390257
5.30E+11,47.6662846,-122.3966514,47.6662846,-122.3966514
5.30E+11,47.6696757,-122.4001922,47.6696757,-122.4001922
5.30E+11,47.6730454,-122.3956487,47.6730454,-122.3956487
5.30E+11,47.6815466,-122.4064312,47.6815466,-122.4064312
5.30E+11,47.6774889,-122.397586,47.6774889,-122.397586
5.30E+11,47.6777674,-122.3713523,47.6777674,-122.3713523
5.30E+11,47.6741774,-122.369794,47.6741774,-122.369794
5.30E+11,47.6741751,-122.3778037,47.6741751,-122.3778037
5.30E+11,47.674762,-122.3850881,47.674762,-122.3850881
5.30E+11,47.6779561,-122.3815156,47.6779561,-122.3815156
5.30E+11,47.6741647,-122.3617733,47.6741647,-122.3617733
5.30E+11,47.6777748,-122.3617009,47.6777748,-122.3617009
5.30E+11,47.6704775,-122.3617627,47.6704775,-122.3617627
5.30E+11,47.6778488,-122.3516058,47.6778488,-122.3516058
5.30E+11,47.6740749,-122.3520619,47.6740749,-122.3520619
5.30E+11,47.6686178,-122.3523824,47.6686178,-122.3523824
5.30E+11,47.6771206,-122.3197627,47.6771206,-122.3197627
5.30E+11,47.681264,-122.323845,47.681264,-122.323845
5.30E+11,47.6740951,-122.3284474,47.6740951,-122.3284474
5.30E+11,47.6773394,-122.3261239,47.6773394,-122.3261239
5.30E+11,47.6793215,-122.293236,47.6793215,-122.293236
5.30E+11,47.6795181,-122.2983733,47.6795181,-122.2983733
5.30E+11,47.6796707,-122.2855956,47.6796707,-122.2855956
5.30E+11,47.6790474,-122.2777666,47.6790474,-122.2777666
5.30E+11,47.681718,-122.252368,47.681718,-122.252368
5.30E+11,47.6792461,-122.2717383,47.6792461,-122.2717383
5.30E+11,47.6724257,-122.2610321,47.6724257,-122.2610321
5.30E+11,47.667844,-122.2587932,47.667844,-122.2587932
5.30E+11,47.6590379,-122.2757947,47.6590379,-122.2757947
5.30E+11,47.6643886,-122.2787377,47.6643886,-122.2787377
5.30E+11,47.6591502,-122.2856328,47.6591502,-122.2856328
5.30E+11,47.6516448,-122.2800457,47.6516448,-122.2800457
5.30E+11,47.6727578,-122.2731724,47.6727578,-122.2731724
5.30E+11,47.6708004,-122.2821387,47.6708004,-122.2821387
5.30E+11,47.6646956,-122.2902948,47.6646956,-122.2902948
5.30E+11,47.6710683,-122.2877236,47.6710683,-122.2877236
5.30E+11,47.6721739,-122.2932774,47.6721739,-122.2932774
5.30E+11,47.6645729,-122.2978689,47.6645729,-122.2978689
5.30E+11,47.6721066,-122.2984779,47.6721066,-122.2984779
5.30E+11,47.6719615,-122.3036139,47.6719615,-122.3036139
5.30E+11,47.6649254,-122.3051533,47.6649254,-122.3051533
5.30E+11,47.6645917,-122.3023389,47.6645917,-122.3023389
5.30E+11,47.6721663,-122.3092048,47.6721663,-122.3092048
5.30E+11,47.6721681,-122.314634,47.6721681,-122.314634
5.30E+11,47.6667007,-122.3091995,47.6667007,-122.3091995
5.30E+11,47.6667282,-122.3146529,47.6667282,-122.3146529
5.30E+11,47.6685438,-122.319523,47.6685438,-122.319523
5.30E+11,47.6686067,-122.3250516,47.6686067,-122.3250516
5.30E+11,47.683092,-122.3378674,47.683092,-122.3378674
5.30E+11,47.6700086,-122.332259,47.6700086,-122.332259
5.30E+11,47.6663665,-122.3326052,47.6663665,-122.3326052
5.30E+11,47.6701208,-122.3698375,47.6701208,-122.3698375
5.30E+11,47.6632881,-122.3713819,47.6632881,-122.3713819
5.30E+11,47.670255,-122.37762,47.670255,-122.37762
5.30E+11,47.6654796,-122.3828943,47.6654796,-122.3828943
5.30E+11,47.6658749,-122.3594913,47.6658749,-122.3594913
5.30E+11,47.6596645,-122.3581925,47.6596645,-122.3581925
5.30E+11,47.6557185,-122.3612071,47.6557185,-122.3612071
5.30E+11,47.6640496,-122.3638421,47.6640496,-122.3638421
5.30E+11,47.6635854,-122.3513594,47.6635854,-122.3513594
5.30E+11,47.652011,-122.3495899,47.652011,-122.3495899
5.30E+11,47.6536225,-122.352573,47.6536225,-122.352573
5.30E+11,47.6578067,-122.3527238,47.6578067,-122.3527238
5.30E+11,47.6605204,-122.3505267,47.6605204,-122.3505267
5.30E+11,47.6627109,-122.3408242,47.6627109,-122.3408242
5.30E+11,47.6579095,-122.3416325,47.6579095,-122.3416325
5.30E+11,47.6605528,-122.3441072,47.6605528,-122.3441072
5.30E+11,47.6626673,-122.3323151,47.6626673,-122.3323151
5.30E+11,47.6579054,-122.3321505,47.6579054,-122.3321505
5.30E+11,47.6538364,-122.3322878,47.6538364,-122.3322878
5.30E+11,47.659303,-122.3209742,47.659303,-122.3209742
5.30E+11,47.6567013,-122.3203201,47.6567013,-122.3203201
5.30E+11,47.6567017,-122.3251205,47.6567017,-122.3251205
5.30E+11,47.6621062,-122.3252398,47.6621062,-122.3252398
5.30E+11,47.6625974,-122.3194607,47.6625974,-122.3194607
5.30E+11,47.66306,-122.3086776,47.66306,-122.3086776
5.30E+11,47.6630891,-122.3141376,47.6630891,-122.3141376
5.30E+11,47.6598051,-122.3148582,47.6598051,-122.3148582
5.30E+11,47.6575928,-122.3149186,47.6575928,-122.3149186
5.30E+11,47.6560948,-122.3150729,47.6560948,-122.3150729
5.30E+11,47.6517819,-122.3128109,47.6517819,-122.3128109
5.30E+11,47.6545393,-122.2987336,47.6545393,-122.2987336
5.30E+11,47.6538068,-122.3384425,47.6538068,-122.3384425
5.30E+11,47.6468862,-122.3369386,47.6468862,-122.3369386
5.30E+11,47.6502651,-122.3424926,47.6502651,-122.3424926
5.30E+11,47.6546505,-122.3439559,47.6546505,-122.3439559
5.30E+11,47.6497851,-122.4068413,47.6497851,-122.4068413
5.30E+11,47.6478278,-122.4172292,47.6478278,-122.4172292
5.30E+11,47.6359129,-122.4056136,47.6359129,-122.4056136
5.30E+11,47.6425888,-122.4050362,47.6425888,-122.4050362
5.30E+11,47.6362536,-122.3946955,47.6362536,-122.3946955
5.30E+11,47.663336,-122.4201375,47.663336,-122.4201375
5.30E+11,47.6482793,-122.3941116,47.6482793,-122.3941116
5.30E+11,47.6428035,-122.3971918,47.6428035,-122.3971918
5.30E+11,47.6504401,-122.4002518,47.6504401,-122.4002518
5.30E+11,47.6622024,-122.3991989,47.6622024,-122.3991989
5.30E+11,47.6567621,-122.3995247,47.6567621,-122.3995247
5.30E+11,47.6509327,-122.3850422,47.6509327,-122.3850422
5.30E+11,47.6510078,-122.3920953,47.6510078,-122.3920953
5.30E+11,47.6553579,-122.3912139,47.6553579,-122.3912139
5.30E+11,47.6567416,-122.3840158,47.6567416,-122.3840158
5.30E+11,47.6456803,-122.3864904,47.6456803,-122.3864904
5.30E+11,47.6375097,-122.3754167,47.6375097,-122.3754167
5.30E+11,47.6295765,-122.3801593,47.6295765,-122.3801593
5.30E+11,47.6539157,-122.3693458,47.6539157,-122.3693458
5.30E+11,47.6490452,-122.371477,47.6490452,-122.371477
5.30E+11,47.6485707,-122.3642603,47.6485707,-122.3642603
5.30E+11,47.6433049,-122.3711193,47.6433049,-122.3711193
5.30E+11,47.643026,-122.3645147,47.643026,-122.3645147
5.30E+11,47.6411872,-122.3434119,47.6411872,-122.3434119
5.30E+11,47.6438245,-122.3512017,47.6438245,-122.3512017
5.30E+11,47.643264,-122.3577261,47.643264,-122.3577261
5.30E+11,47.6490017,-122.3568402,47.6490017,-122.3568402
5.30E+11,47.6482498,-122.3201878,47.6482498,-122.3201878
5.30E+11,47.6442656,-122.3156489,47.6442656,-122.3156489
5.30E+11,47.6472852,-122.3252065,47.6472852,-122.3252065
5.30E+11,47.6414891,-122.3287539,47.6414891,-122.3287539
5.30E+11,47.6404204,-122.2954056,47.6404204,-122.2954056
5.30E+11,47.6420415,-122.3060216,47.6420415,-122.3060216
5.30E+11,47.6358768,-122.3090446,47.6358768,-122.3090446
5.30E+11,47.640542,-122.276666,47.640542,-122.276666
5.30E+11,47.6308773,-122.277006,47.6308773,-122.277006
5.30E+11,47.6390652,-122.2823976,47.6390652,-122.2823976
5.30E+11,47.6340212,-122.2894637,47.6340212,-122.2894637
5.30E+11,47.6280777,-122.2995576,47.6280777,-122.2995576
5.30E+11,47.6287858,-122.3105864,47.6287858,-122.3105864
5.30E+11,47.6287604,-122.3054864,47.6287604,-122.3054864
5.30E+11,47.6338762,-122.3168748,47.6338762,-122.3168748
5.30E+11,47.6273114,-122.3226269,47.6273114,-122.3226269
5.30E+11,47.6262358,-122.3165726,47.6262358,-122.3165726
5.30E+11,47.6296259,-122.3310053,47.6296259,-122.3310053
5.30E+11,47.637436,-122.3259311,47.637436,-122.3259311
5.30E+11,47.632436,-122.3407805,47.632436,-122.3407805
5.30E+11,47.627298,-122.3455544,47.627298,-122.3455544
5.30E+11,47.6314598,-122.3478682,47.6314598,-122.3478682
5.30E+11,47.635991,-122.3471097,47.635991,-122.3471097
5.30E+11,47.636129,-122.3531807,47.636129,-122.3531807
5.30E+11,47.6359557,-122.3589679,47.6359557,-122.3589679
5.30E+11,47.6371731,-122.3649756,47.6371731,-122.3649756
5.30E+11,47.6330831,-122.3667342,47.6330831,-122.3667342
5.30E+11,47.6296827,-122.3656981,47.6296827,-122.3656981
5.30E+11,47.6375406,-122.3704125,47.6375406,-122.3704125
5.30E+11,47.6300416,-122.3536953,47.6300416,-122.3536953
5.30E+11,47.6257166,-122.362503,47.6257166,-122.362503
5.30E+11,47.6264096,-122.3533961,47.6264096,-122.3533961
5.30E+11,47.6309486,-122.3592067,47.6309486,-122.3592067
5.30E+11,47.6257448,-122.3585723,47.6257448,-122.3585723
5.30E+11,47.6281942,-122.360024,47.6281942,-122.360024
5.30E+11,47.6237191,-122.3641405,47.6237191,-122.3641405
5.30E+11,47.6217267,-122.3536092,47.6217267,-122.3536092
5.30E+11,47.6199448,-122.3426187,47.6199448,-122.3426187
5.30E+11,47.6171143,-122.3440082,47.6171143,-122.3440082
5.30E+11,47.6175932,-122.3479382,47.6175932,-122.3479382
5.30E+11,47.6223366,-122.3310832,47.6223366,-122.3310832
5.30E+11,47.6174108,-122.33207,47.6174108,-122.33207
5.30E+11,47.6198747,-122.3363629,47.6198747,-122.3363629
5.30E+11,47.6241284,-122.3248227,47.6241284,-122.3248227
5.30E+11,47.6230723,-122.3219926,47.6230723,-122.3219926
5.30E+11,47.6226017,-122.3274301,47.6226017,-122.3274301
5.30E+11,47.6219999,-122.3248507,47.6219999,-122.3248507
5.30E+11,47.6092242,-122.2878531,47.6092242,-122.2878531
5.30E+11,47.6138177,-122.2888922,47.6138177,-122.2888922
5.30E+11,47.6198638,-122.2882574,47.6198638,-122.2882574
5.30E+11,47.6138599,-122.3041034,47.6138599,-122.3041034
5.30E+11,47.6139173,-122.3070204,47.6139173,-122.3070204
5.30E+11,47.6122335,-122.3108305,47.6122335,-122.3108305
5.30E+11,47.6152743,-122.3108091,47.6152743,-122.3108091
5.30E+11,47.6175658,-122.3091699,47.6175658,-122.3091699
5.30E+11,47.6168177,-122.3503946,47.6168177,-122.3503946
5.30E+11,47.6143141,-122.3461221,47.6143141,-122.3461221
5.30E+11,47.6150718,-122.3555298,47.6150718,-122.3555298
5.30E+11,47.6148583,-122.3510092,47.6148583,-122.3510092
5.30E+11,47.6159696,-122.3528887,47.6159696,-122.3528887
5.30E+11,47.6117658,-122.342567,47.6117658,-122.342567
5.30E+11,47.6123467,-122.3474345,47.6123467,-122.3474345
5.30E+11,47.6059872,-122.3413383,47.6059872,-122.3413383
5.30E+11,47.6068331,-122.3343003,47.6068331,-122.3343003
5.30E+11,47.6088866,-122.3410144,47.6088866,-122.3410144
5.30E+11,47.6107926,-122.3331203,47.6107926,-122.3331203
5.30E+11,47.6082713,-122.3289533,47.6082713,-122.3289533
5.30E+11,47.6107904,-122.329957,47.6107904,-122.329957
5.30E+11,47.6098172,-122.326348,47.6098172,-122.326348
5.30E+11,47.61354,-122.32943,47.61354,-122.32943
5.30E+11,47.6148781,-122.3230046,47.6148781,-122.3230046
5.30E+11,47.6111881,-122.323046,47.6111881,-122.323046
5.30E+11,47.614993,-122.3270842,47.614993,-122.3270842
5.30E+11,47.6062404,-122.3271696,47.6062404,-122.3271696
5.30E+11,47.6055989,-122.3222483,47.6055989,-122.3222483
5.30E+11,47.6032597,-122.3255061,47.6032597,-122.3255061
5.30E+11,47.6089885,-122.3147583,47.6089885,-122.3147583
5.30E+11,47.6080479,-122.3186989,47.6080479,-122.3186989
5.30E+11,47.6032139,-122.3165361,47.6032139,-122.3165361
5.30E+11,47.6082095,-122.307903,47.6082095,-122.307903
5.30E+11,47.6040426,-122.3047415,47.6040426,-122.3047415
5.30E+11,47.6038073,-122.3098427,47.6038073,-122.3098427
5.30E+11,47.6109878,-122.297714,47.6109878,-122.297714
5.30E+11,47.6066618,-122.29761,47.6066618,-122.29761
5.30E+11,47.6029535,-122.2975487,47.6029535,-122.2975487
5.30E+11,47.6010391,-122.2850405,47.6010391,-122.2850405
5.30E+11,47.5950361,-122.2945953,47.5950361,-122.2945953
5.30E+11,47.5998402,-122.2973998,47.5998402,-122.2973998
5.30E+11,47.5950432,-122.2999729,47.5950432,-122.2999729
5.30E+11,47.5973988,-122.3042718,47.5973988,-122.3042718
5.30E+11,47.5987438,-122.3117724,47.5987438,-122.3117724
5.30E+11,47.5987488,-122.3203405,47.5987488,-122.3203405
5.30E+11,47.5975099,-122.3257202,47.5975099,-122.3257202
5.30E+11,47.600346,-122.3259533,47.600346,-122.3259533
5.30E+11,47.6004854,-122.3373538,47.6004854,-122.3373538
5.30E+11,47.5906617,-122.3214307,47.5906617,-122.3214307
5.30E+11,47.5892703,-122.335903,47.5892703,-122.335903
5.30E+11,47.5693884,-122.3303561,47.5693884,-122.3303561
5.30E+11,47.587977,-122.3154715,47.587977,-122.3154715
5.30E+11,47.5914129,-122.3077509,47.5914129,-122.3077509
5.30E+11,47.5833906,-122.307297,47.5833906,-122.307297
5.30E+11,47.584191,-122.3145875,47.584191,-122.3145875
5.30E+11,47.5903418,-122.3132744,47.5903418,-122.3132744
5.30E+11,47.586571,-122.2870743,47.586571,-122.2870743
5.30E+11,47.5867869,-122.2980521,47.5867869,-122.2980521
5.30E+11,47.5783426,-122.2831943,47.5783426,-122.2831943
5.30E+11,47.5773385,-122.2945168,47.5773385,-122.2945168
5.30E+11,47.584966,-122.3809135,47.584966,-122.3809135
5.30E+11,47.583292,-122.3863678,47.583292,-122.3863678
5.30E+11,47.5837367,-122.3938578,47.5837367,-122.3938578
5.30E+11,47.5878761,-122.388848,47.5878761,-122.388848
5.30E+11,47.5923106,-122.3884249,47.5923106,-122.3884249
5.30E+11,47.5766386,-122.4058724,47.5766386,-122.4058724
5.30E+11,47.5756654,-122.4114645,47.5756654,-122.4114645
5.30E+11,47.5750478,-122.4140305,47.5750478,-122.4140305
5.30E+11,47.5662883,-122.4042989,47.5662883,-122.4042989
5.30E+11,47.5768493,-122.3922737,47.5768493,-122.3922737
5.30E+11,47.5681132,-122.3925907,47.5681132,-122.3925907
5.30E+11,47.5621065,-122.3951133,47.5621065,-122.3951133
5.30E+11,47.5688009,-122.3987712,47.5688009,-122.3987712
5.30E+11,47.5770875,-122.3990206,47.5770875,-122.3990206
5.30E+11,47.5786725,-122.3837389,47.5786725,-122.3837389
5.30E+11,47.5741388,-122.3801256,47.5741388,-122.3801256
5.30E+11,47.5677573,-122.3796756,47.5677573,-122.3796756
5.30E+11,47.5659583,-122.3853643,47.5659583,-122.3853643
5.30E+11,47.5724551,-122.3868232,47.5724551,-122.3868232
5.30E+11,47.5710191,-122.3744458,47.5710191,-122.3744458
5.30E+11,47.5643915,-122.3588584,47.5643915,-122.3588584
5.30E+11,47.5597286,-122.3710601,47.5597286,-122.3710601
5.30E+11,47.5819888,-122.3565802,47.5819888,-122.3565802
5.30E+11,47.571289,-122.3020865,47.571289,-122.3020865
5.30E+11,47.5675485,-122.3100174,47.5675485,-122.3100174
5.30E+11,47.5647176,-122.2987257,47.5647176,-122.2987257
5.30E+11,47.5760313,-122.313901,47.5760313,-122.313901
5.30E+11,47.5784382,-122.3111039,47.5784382,-122.3111039
5.30E+11,47.5782299,-122.3058147,47.5782299,-122.3058147
5.30E+11,47.5734885,-122.3079476,47.5734885,-122.3079476
5.30E+11,47.5670775,-122.2701234,47.5670775,-122.2701234
5.30E+11,47.5622552,-122.2786693,47.5622552,-122.2786693
5.30E+11,47.5645946,-122.293281,47.5645946,-122.293281
5.30E+11,47.5681454,-122.2919908,47.5681454,-122.2919908
5.30E+11,47.5688386,-122.2854078,47.5688386,-122.2854078
5.30E+11,47.555977,-122.2657498,47.555977,-122.2657498
5.30E+11,47.5544103,-122.2543123,47.5544103,-122.2543123
5.30E+11,47.54938,-122.2725299,47.54938,-122.2725299
5.30E+11,47.5556598,-122.2725172,47.5556598,-122.2725172
5.30E+11,47.556909,-122.2781305,47.556909,-122.2781305
5.30E+11,47.5499028,-122.2782953,47.5499028,-122.2782953
5.30E+11,47.5494747,-122.2837907,47.5494747,-122.2837907
5.30E+11,47.5569452,-122.2886124,47.5569452,-122.2886124
5.30E+11,47.5568269,-122.2833939,47.5568269,-122.2833939
5.30E+11,47.5572451,-122.2948095,47.5572451,-122.2948095
5.30E+11,47.5542676,-122.2975185,47.5542676,-122.2975185
5.30E+11,47.5483941,-122.2940932,47.5483941,-122.2940932
5.30E+11,47.550852,-122.3116877,47.550852,-122.3116877
5.30E+11,47.5578286,-122.3087045,47.5578286,-122.3087045
5.30E+11,47.5504735,-122.3037593,47.5504735,-122.3037593
5.30E+11,47.5570049,-122.3149338,47.5570049,-122.3149338
5.30E+11,47.5601821,-122.3788541,47.5601821,-122.3788541
5.30E+11,47.5542634,-122.3810871,47.5542634,-122.3810871
5.30E+11,47.5548954,-122.3917632,47.5548954,-122.3917632
5.30E+11,47.5592554,-122.3841464,47.5592554,-122.3841464
5.30E+11,47.5597941,-122.3903608,47.5597941,-122.3903608
5.30E+11,47.5457634,-122.3791096,47.5457634,-122.3791096
5.30E+11,47.549363,-122.3844358,47.549363,-122.3844358
5.30E+11,47.5430741,-122.3855807,47.5430741,-122.3855807
5.30E+11,47.5433159,-122.3918603,47.5433159,-122.3918603
5.30E+11,47.5551791,-122.4004398,47.5551791,-122.4004398
5.30E+11,47.5494327,-122.389791,47.5494327,-122.389791
5.30E+11,47.5460458,-122.3654191,47.5460458,-122.3654191
5.30E+11,47.5364362,-122.3678239,47.5364362,-122.3678239
5.30E+11,47.5508946,-122.3729596,47.5508946,-122.3729596
5.30E+11,47.5462214,-122.3715878,47.5462214,-122.3715878
5.30E+11,47.5427271,-122.3742028,47.5427271,-122.3742028
5.30E+11,47.551927,-122.349418,47.551927,-122.349418
5.30E+11,47.5430222,-122.3583544,47.5430222,-122.3583544
5.30E+11,47.5538093,-122.3599712,47.5538093,-122.3599712
5.30E+11,47.5348617,-122.3057936,47.5348617,-122.3057936
5.30E+11,47.5493212,-122.3279703,47.5493212,-122.3279703
5.30E+11,47.541066,-122.2889872,47.541066,-122.2889872
5.30E+11,47.542112,-122.2859196,47.542112,-122.2859196
5.30E+11,47.534351,-122.2847822,47.534351,-122.2847822
5.30E+11,47.5387954,-122.299915,47.5387954,-122.299915
5.30E+11,47.5421524,-122.295112,47.5421524,-122.295112
5.30E+11,47.543687,-122.3005478,47.543687,-122.3005478
5.30E+11,47.5407917,-122.273204,47.5407917,-122.273204
5.30E+11,47.5385197,-122.2776039,47.5385197,-122.2776039
5.30E+11,47.5339087,-122.2756194,47.5339087,-122.2756194
5.30E+11,47.5436814,-122.2802139,47.5436814,-122.2802139
5.30E+11,47.5379284,-122.2633605,47.5379284,-122.2633605
5.30E+11,47.543667,-122.2704383,47.543667,-122.2704383
5.30E+11,47.5342317,-122.2713344,47.5342317,-122.2713344
5.30E+11,47.5364288,-122.2686791,47.5364288,-122.2686791
5.30E+11,47.5255014,-122.3285675,47.5255014,-122.3285675
5.30E+11,47.5344657,-122.3269219,47.5344657,-122.3269219
5.30E+11,47.5245893,-122.3166675,47.5245893,-122.3166675
5.30E+11,47.5290765,-122.340242,47.5290765,-122.340242
5.30E+11,47.5189648,-122.3487146,47.5189648,-122.3487146
5.30E+11,47.5227709,-122.3505825,47.5227709,-122.3505825
5.30E+11,47.5276599,-122.3512052,47.5276599,-122.3512052
5.30E+11,47.5311992,-122.3498358,47.5311992,-122.3498358
5.30E+11,47.530987,-122.3644917,47.530987,-122.3644917
5.30E+11,47.5264803,-122.365193,47.5264803,-122.365193
5.30E+11,47.5311252,-122.3579099,47.5311252,-122.3579099
5.30E+11,47.5229876,-122.3640494,47.5229876,-122.3640494
5.30E+11,47.5194714,-122.3586051,47.5194714,-122.3586051
5.30E+11,47.5192232,-122.3696754,47.5192232,-122.3696754
5.30E+11,47.5220494,-122.2718902,47.5220494,-122.2718902
5.30E+11,47.5286434,-122.2743868,47.5286434,-122.2743868
5.30E+11,47.5256435,-122.2678319,47.5256435,-122.2678319
5.30E+11,47.5102089,-122.239265,47.5102089,-122.239265
5.30E+11,47.5085033,-122.252145,47.5085033,-122.252145
5.30E+11,47.5050665,-122.2578467,47.5050665,-122.2578467
5.30E+11,47.4989808,-122.2651804,47.4989808,-122.2651804
5.30E+11,47.5086642,-122.2659395,47.5086642,-122.2659395
5.30E+11,47.5141277,-122.3754368,47.5141277,-122.3754368
5.30E+11,47.5100826,-122.380542,47.5100826,-122.380542
5.30E+11,47.5148103,-122.3860011,47.5148103,-122.3860011
5.30E+11,47.5081679,-122.3910859,47.5081679,-122.3910859
5.30E+11,47.5022795,-122.378175,47.5022795,-122.378175
5.30E+11,47.5061068,-122.2420482,47.5061068,-122.2420482
5.30E+11,47.5099893,-122.3222332,47.5099893,-122.3222332
5.30E+11,47.5161607,-122.3192934,47.5161607,-122.3192934
5.30E+11,47.5157215,-122.3347679,47.5157215,-122.3347679
5.30E+11,47.5106478,-122.4154213,47.5106478,-122.4154213
5.30E+11,47.6198948,-122.3239006,47.6198948,-122.3239006
5.30E+11,47.6175733,-122.3233876,47.6175733,-122.3233876
5.30E+11,47.6181141,-122.326579,47.6181141,-122.326579
5.30E+11,47.6221264,-122.3141747,47.6221264,-122.3141747
5.30E+11,47.6170592,-122.3141653,47.6170592,-122.3141653
5.30E+11,47.6226825,-122.3183213,47.6226825,-122.3183213
5.30E+11,47.614738,-122.3174348,47.614738,-122.3174348
5.30E+11,47.6186658,-122.3187904,47.6186658,-122.3187904
5.30E+11,47.624227,-122.3075099,47.624227,-122.3075099
5.30E+11,47.6207018,-122.3052922,47.6207018,-122.3052922
5.30E+11,47.6210493,-122.3102624,47.6210493,-122.3102624
5.30E+11,47.6191944,-122.2940691,47.6191944,-122.2940691
5.30E+11,47.6230424,-122.2989817,47.6230424,-122.2989817
5.30E+11,47.6151944,-122.2992865,47.6151944,-122.2992865
5.30E+11,47.6191757,-122.2997472,47.6191757,-122.2997472
5.30E+11,47.6141558,-122.2810958,47.6141558,-122.2810958
5.30E+11,47.5324342,-122.3724945,47.5324342,-122.3724945
5.30E+11,47.5250339,-122.3763326,47.5250339,-122.3763326
5.30E+11,47.533485,-122.3783143,47.533485,-122.3783143
5.30E+11,47.5377577,-122.3842469,47.5377577,-122.3842469
5.30E+11,47.5319232,-122.3849104,47.5319232,-122.3849104
5.30E+11,47.5259491,-122.3859234,47.5259491,-122.3859234
5.30E+11,47.51953,-122.383826,47.51953,-122.383826
5.30E+11,47.524772,-122.3934287,47.524772,-122.3934287
5.30E+11,47.5338344,-122.3952427,47.5338344,-122.3952427
5.30E+11,47.5253731,-122.278895,47.5253731,-122.278895
5.30E+11,47.5195872,-122.2875646,47.5195872,-122.2875646
5.30E+11,47.5254231,-122.2847614,47.5254231,-122.2847614
5.30E+11,47.5148776,-122.2755994,47.5148776,-122.2755994
5.30E+11,47.5154414,-122.253208,47.5154414,-122.253208
5.30E+11,47.5159969,-122.2571162,47.5159969,-122.2571162
5.30E+11,47.5168113,-122.2639039,47.5168113,-122.2639039
60750159002,37.7829211,-122.4326339,37.7829211,-122.4326339
60750451003,37.7792337,-122.4625405,37.7792337,-122.4625405
60750615001,37.7891586,-122.3977986,37.7891586,-122.3977986
60750302012,37.7627959,-122.473788,37.7627959,-122.473788
60750206004,37.7610226,-122.4327907,37.7610226,-122.4327907
60750122021,37.7854122,-122.4196443,37.7854122,-122.4196443
60750208002,37.7607352,-122.4189417,37.7607352,-122.4189417
60750180001,37.7784376,-122.3983239,37.7784376,-122.3983239
60750226002,37.7564391,-122.3889558,37.7564391,-122.3889558
60750117001,37.7924467,-122.4017719,37.7924467,-122.4017719
60750476001,37.7795687,-122.4757448,37.7795687,-122.4757448
60750157003,37.7799102,-122.450723,37.7799102,-122.450723
60750332011,37.7262699,-122.4796649,37.7262699,-122.4796649
60750477021,37.7753205,-122.4854623,37.7753205,-122.4854623
60750263011,37.7152087,-122.4367106,37.7152087,-122.4367106
60759803001,37.7684025,-122.4920873,37.7684025,-122.4920873
60750261004,37.7214918,-122.4439587,37.7214918,-122.4439587
60750176011,37.7833496,-122.4056122,37.7833496,-122.4056122
60750607003,37.7796245,-122.3901915,37.7796245,-122.3901915
60750401004,37.7858282,-122.4635618,37.7858282,-122.4635618
60750451001,37.7777246,-122.4597222,37.7777246,-122.4597222
60750166002,37.7695337,-122.4468732,37.7695337,-122.4468732
60750164001,37.7753083,-122.4353447,37.7753083,-122.4353447
60750601001,37.7991411,-122.4801038,37.7991411,-122.4801038
60750328013,37.7464979,-122.4823811,37.7464979,-122.4823811
60750108001,37.7978519,-122.4145715,37.7978519,-122.4145715
60750326021,37.7604202,-122.4855054,37.7604202,-122.4855054
60750109003,37.7980786,-122.4225383,37.7980786,-122.4225383
60750135002,37.7901751,-122.4323173,37.7901751,-122.4323173
60750402002,37.7817882,-122.4694017,37.7817882,-122.4694017
60750133002,37.7888372,-122.4489417,37.7888372,-122.4489417
60750426023,37.7833794,-122.4754796,37.7833794,-122.4754796
60750313011,37.7206489,-122.4693824,37.7206489,-122.4693824
60750313022,37.7145532,-122.4692367,37.7145532,-122.4692367
60750301013,37.7651545,-122.4626151,37.7651545,-122.4626151
60750127002,37.8017364,-122.4440481,37.8017364,-122.4440481
60750257021,37.7259929,-122.4036289,37.7259929,-122.4036289
60750128004,37.7991925,-122.4437061,37.7991925,-122.4437061
60750167001,37.7721531,-122.433827,37.7721531,-122.433827
60750105001,37.8026835,-122.39905,37.8026835,-122.39905
60750168012,37.7702868,-122.4300334,37.7702868,-122.4300334
60750217002,37.7363055,-122.4374397,37.7363055,-122.4374397
60750213001,37.7495297,-122.4356472,37.7495297,-122.4356472
60750614003,37.7559232,-122.4005731,37.7559232,-122.4005731
60750165002,37.7744048,-122.4461407,37.7744048,-122.4461407
60750260012,37.7219898,-122.4335904,37.7219898,-122.4335904
60750177002,37.7689632,-122.4158341,37.7689632,-122.4158341
60750313023,37.7114592,-122.4669718,37.7114592,-122.4669718
60750327002,37.7620647,-122.4899192,37.7620647,-122.4899192
60750607001,37.7747019,-122.3887726,37.7747019,-122.3887726
60750426022,37.7852441,-122.4756063,37.7852441,-122.4756063
60750119021,37.7905193,-122.409709,37.7905193,-122.409709
60750615003,37.790199,-122.3892541,37.790199,-122.3892541
60750211003,37.7526304,-122.4319865,37.7526304,-122.4319865
60750204013,37.760684,-122.4414771,37.760684,-122.4414771
60750253002,37.7409378,-122.4197402,37.7409378,-122.4197402
60750251002,37.7435833,-122.4088438,37.7435833,-122.4088438
60750327004,37.7583326,-122.4896592,37.7583326,-122.4896592
60750169001,37.7679454,-122.430891,37.7679454,-122.430891
60750306002,37.7425275,-122.4547561,37.7425275,-122.4547561
60750301012,37.764609,-122.4594191,37.764609,-122.4594191
60750103001,37.8031496,-122.4163738,37.8031496,-122.4163738
60750307003,37.7357086,-122.4541542,37.7357086,-122.4541542
60750124012,37.7831562,-122.4149685,37.7831562,-122.4149685
60750309007,37.7225847,-122.4736389,37.7225847,-122.4736389
60750328012,37.7437706,-122.4805959,37.7437706,-122.4805959
60750351004,37.7579183,-122.4990701,37.7579183,-122.4990701
60750129023,37.8008396,-122.4341795,37.8008396,-122.4341795
60750105002,37.7965629,-122.3939274,37.7965629,-122.3939274
60750301011,37.7650911,-122.4553082,37.7650911,-122.4553082
60750123011,37.786061,-122.4101533,37.786061,-122.4101533
60750210003,37.750613,-122.4231169,37.750613,-122.4231169
60750354005,37.7367801,-122.5036487,37.7367801,-122.5036487
60750106003,37.8000911,-122.4085384,37.8000911,-122.4085384
60750152002,37.7880033,-122.4306506,37.7880033,-122.4306506
60750201004,37.7645194,-122.4199518,37.7645194,-122.4199518
60750209001,37.7531041,-122.4174289,37.7531041,-122.4174289
60750171021,37.765188,-122.4500341,37.765188,-122.4500341
60750167002,37.7699118,-122.4341383,37.7699118,-122.4341383
60750158021,37.7787558,-122.4390666,37.7787558,-122.4390666
60750126011,37.8022683,-122.4391509,37.8022683,-122.4391509
60750203002,37.7636604,-122.4292153,37.7636604,-122.4292153
60750207001,37.7615686,-122.4237834,37.7615686,-122.4237834
60750125012,37.7843958,-122.409422,37.7843958,-122.409422
60750176013,37.7777482,-122.412857,37.7777482,-122.412857
60750177001,37.7671193,-122.4091364,37.7671193,-122.4091364
60750401002,37.7842965,-122.460694,37.7842965,-122.460694
60750156003,37.7789685,-122.4572711,37.7789685,-122.4572711
60750215003,37.7427792,-122.4263284,37.7427792,-122.4263284
60750154003,37.7833613,-122.4501091,37.7833613,-122.4501091
60750154002,37.7841319,-122.4446041,37.7841319,-122.4446041
60750101001,37.8085195,-122.4095544,37.8085195,-122.4095544
60750109001,37.7991997,-122.4190467,37.7991997,-122.4190467
60750129011,37.801028,-122.4270595,37.801028,-122.4270595
60750125022,37.7834682,-122.4125041,37.7834682,-122.4125041
60750117002,37.7886871,-122.4050566,37.7886871,-122.4050566
60750314004,37.7146894,-122.4590986,37.7146894,-122.4590986
60750209004,37.7529688,-122.4196278,37.7529688,-122.4196278
60750157004,37.7765896,-122.4507141,37.7765896,-122.4507141
60750231022,37.7324117,-122.3854547,37.7324117,-122.3854547
60750154004,37.7853528,-122.4521207,37.7853528,-122.4521207
60750134002,37.7887615,-122.4422707,37.7887615,-122.4422707
60750123022,37.7872226,-122.4111525,37.7872226,-122.4111525
60750330002,37.7400406,-122.4803442,37.7400406,-122.4803442
60750326023,37.7568733,-122.4804097,37.7568733,-122.4804097
60750328021,37.7516504,-122.4854199,37.7516504,-122.4854199
60750232002,37.7263946,-122.3838027,37.7263946,-122.3838027
60750254011,37.7396295,-122.4224695,37.7396295,-122.4224695
60750120002,37.7874957,-122.4184249,37.7874957,-122.4184249
60750258001,37.7231725,-122.4035256,37.7231725,-122.4035256
60750611001,37.7956131,-122.4027375,37.7956131,-122.4027375
60750180002,37.7727212,-122.405595,37.7727212,-122.405595
60750451002,37.7755658,-122.4622975,37.7755658,-122.4622975
60750255001,37.7327293,-122.4294789,37.7327293,-122.4294789
60750329022,37.7526788,-122.4906492,37.7526788,-122.4906492
60750205001,37.7615723,-122.4372195,37.7615723,-122.4372195
60750156002,37.7757549,-122.4565014,37.7757549,-122.4565014
60750155002,37.7850396,-122.4347515,37.7850396,-122.4347515
60750260031,37.7212759,-122.4277434,37.7212759,-122.4277434
60750228013,37.758897,-122.4146891,37.758897,-122.4146891
60750152003,37.7872843,-122.4336864,37.7872843,-122.4336864
60750166003,37.7698784,-122.4520499,37.7698784,-122.4520499
60750332043,37.720708,-122.4832349,37.720708,-122.4832349
60750329014,37.7433578,-122.4899876,37.7433578,-122.4899876
60750202002,37.7677692,-122.4243694,37.7677692,-122.4243694
60750132001,37.7941621,-122.4323692,37.7941621,-122.4323692
60750232003,37.7313982,-122.3887899,37.7313982,-122.3887899
60750135001,37.7918482,-122.432868,37.7918482,-122.432868
60750204012,37.7574357,-122.445214,37.7574357,-122.445214
60750134003,37.7905445,-122.4426196,37.7905445,-122.4426196
60750228022,37.7569215,-122.4058964,37.7569215,-122.4058964
60750204022,37.755641,-122.4418034,37.755641,-122.4418034
60750158012,37.7815537,-122.4395004,37.7815537,-122.4395004
60750307002,37.735571,-122.443928,37.735571,-122.443928
60750171023,37.767281,-122.4508522,37.767281,-122.4508522
60750478012,37.7761404,-122.494845,37.7761404,-122.494845
60750478013,37.7770065,-122.4909592,37.7770065,-122.4909592
60750203001,37.7665449,-122.4275912,37.7665449,-122.4275912
60750312012,37.722913,-122.4564942,37.722913,-122.4564942
60750164002,37.7747778,-122.4394813,37.7747778,-122.4394813
60750301014,37.7623231,-122.4628604,37.7623231,-122.4628604
60750327005,37.7564704,-122.489528,37.7564704,-122.489528
60750255005,37.7246691,-122.4411295,37.7246691,-122.4411295
60750158022,37.7775139,-122.4380312,37.7775139,-122.4380312
60750402001,37.784611,-122.4655832,37.784611,-122.4655832
60750228011,37.7622576,-122.4125163,37.7622576,-122.4125163
60750122012,37.7849116,-122.4161659,37.7849116,-122.4161659
60750255004,37.7251607,-122.4363669,37.7251607,-122.4363669
60750103002,37.8009365,-122.4147652,37.8009365,-122.4147652
60750303011,37.7584918,-122.4737517,37.7584918,-122.4737517
60750171022,37.7628524,-122.4504727,37.7628524,-122.4504727
60750127001,37.8069918,-122.4424831,37.8069918,-122.4424831
60750477011,37.7791141,-122.4857354,37.7791141,-122.4857354
60750228012,37.7590143,-122.4102027,37.7590143,-122.4102027
60750133003,37.7872853,-122.4503236,37.7872853,-122.4503236
60750134001,37.7902701,-122.4374871,37.7902701,-122.4374871
60750478022,37.7738737,-122.4966445,37.7738737,-122.4966445
60750165001,37.7748244,-122.442852,37.7748244,-122.442852
60750162003,37.7765701,-122.4254434,37.7765701,-122.4254434
60750168021,37.7740516,-122.4225189,37.7740516,-122.4225189
60750229011,37.7527457,-122.4144706,37.7527457,-122.4144706
60750328023,37.7544011,-122.4834703,37.7544011,-122.4834703
60750326022,37.7587336,-122.480542,37.7587336,-122.480542
60750166001,37.7714621,-122.4430407,37.7714621,-122.4430407
60750226001,37.762479,-122.3835595,37.762479,-122.3835595
60750426012,37.7842999,-122.4808734,37.7842999,-122.4808734
60750256001,37.7305271,-122.4233568,37.7305271,-122.4233568
60750131011,37.7950962,-122.4250097,37.7950962,-122.4250097
60750208003,37.7589013,-122.4199312,37.7589013,-122.4199312
60750479014,37.7726954,-122.5019299,37.7726954,-122.5019299
60750157002,37.7774316,-122.4440278,37.7774316,-122.4440278
60750227022,37.7613699,-122.3953752,37.7613699,-122.3953752
60750130003,37.7970419,-122.432109,37.7970419,-122.432109
60750102001,37.8081607,-122.4213933,37.8081607,-122.4213933
60750102003,37.8044097,-122.4235679,37.8044097,-122.4235679
60750101002,37.8050947,-122.4101617,37.8050947,-122.4101617
60750326011,37.764359,-122.4809405,37.764359,-122.4809405
60750477013,37.7771851,-122.4855977,37.7771851,-122.4855977
60750330003,37.7361671,-122.4823842,37.7361671,-122.4823842
60750178022,37.773426,-122.4120419,37.773426,-122.4120419
60750332041,37.7190538,-122.4768556,37.7190538,-122.4768556
60750262005,37.709221,-122.4637091,37.709221,-122.4637091
60750111001,37.7917601,-122.4198731,37.7917601,-122.4198731
60750302023,37.7612078,-122.4672013,37.7612078,-122.4672013
60750202003,37.7647879,-122.4240946,37.7647879,-122.4240946
60750302021,37.764949,-122.4674709,37.764949,-122.4674709
60750251001,37.7467856,-122.4078519,37.7467856,-122.4078519
60750152001,37.7883324,-122.426976,37.7883324,-122.426976
60750214002,37.7486421,-122.4282087,37.7486421,-122.4282087
60750163003,37.7758356,-122.4311984,37.7758356,-122.4311984
60750133001,37.7906045,-122.4493014,37.7906045,-122.4493014
60750131022,37.794685,-122.4282593,37.794685,-122.4282593
60750352015,37.7539025,-122.5054082,37.7539025,-122.5054082
60750401003,37.7824284,-122.4620246,37.7824284,-122.4620246
60750229012,37.7504475,-122.4127827,37.7504475,-122.4127827
60750615004,37.78609,-122.3912974,37.78609,-122.3912974
60750171012,37.7635098,-122.4466017,37.7635098,-122.4466017
60750154005,37.7836908,-122.4567599,37.7836908,-122.4567599
60750452001,37.7790909,-122.4657519,37.7790909,-122.4657519
60750208004,37.7568948,-122.4186173,37.7568948,-122.4186173
60750129012,37.8028932,-122.427439,37.8028932,-122.427439
60750129021,37.7995123,-122.4290192,37.7995123,-122.4290192
60750229032,37.7520849,-122.4046934,37.7520849,-122.4046934
60750253003,37.742083,-122.4223268,37.742083,-122.4223268
60750162002,37.776052,-122.4219905,37.776052,-122.4219905
60750303012,37.7584309,-122.4664683,37.7584309,-122.4664683
60750353001,37.7477099,-122.4972829,37.7477099,-122.4972829
60750166004,37.7708352,-122.4479717,37.7708352,-122.4479717
60750402003,37.7836505,-122.469542,37.7836505,-122.469542
60750206001,37.7604936,-122.428203,37.7604936,-122.428203
60750313012,37.7180657,-122.4697241,37.7180657,-122.4697241
60750262003,37.7106526,-122.4525499,37.7106526,-122.4525499
60750160001,37.7823391,-122.4224915,37.7823391,-122.4224915
60750167004,37.7720962,-122.438054,37.7720962,-122.438054
60750252001,37.7474356,-122.4148225,37.7474356,-122.4148225
60750329012,37.7470841,-122.4902542,37.7470841,-122.4902542
60750309004,37.7263974,-122.470345,37.7263974,-122.470345
60750351002,37.7616492,-122.4993333,37.7616492,-122.4993333
60750427002,37.7809706,-122.4874766,37.7809706,-122.4874766
60750302022,37.7630714,-122.4673066,37.7630714,-122.4673066
60750303023,37.7506596,-122.4735059,37.7506596,-122.4735059
60750302013,37.7609347,-122.4736385,37.7609347,-122.4736385
60750218001,37.7410274,-122.4269937,37.7410274,-122.4269937
60750610002,37.7108244,-122.3997209,37.7108244,-122.3997209
60750215001,37.7470879,-122.4241861,37.7470879,-122.4241861
60750151002,37.7860456,-122.4230445,37.7860456,-122.4230445
60750209002,37.7494665,-122.4170794,37.7494665,-122.4170794
60750614001,37.7526834,-122.3996534,37.7526834,-122.3996534
60750326012,37.7624659,-122.4808034,37.7624659,-122.4808034
60750201001,37.7714388,-122.4200319,37.7714388,-122.4200319
60750158013,37.7796114,-122.4353342,37.7796114,-122.4353342
60750178021,37.777629,-122.4067243,37.777629,-122.4067243
60750328022,37.7532342,-122.4780266,37.7532342,-122.4780266
60750154001,37.7862836,-122.4466803,37.7862836,-122.4466803
60750228032,37.7567689,-122.4099757,37.7567689,-122.4099757
60750165003,37.7739838,-122.4494251,37.7739838,-122.4494251
60750607002,37.7676761,-122.4014471,37.7676761,-122.4014471
60750308001,37.7415712,-122.4636988,37.7415712,-122.4636988
60750121002,37.7890165,-122.4102401,37.7890165,-122.4102401
60750121001,37.7885968,-122.4135346,37.7885968,-122.4135346
60750209003,37.7493813,-122.4192817,37.7493813,-122.4192817
60750130004,37.7966229,-122.4353981,37.7966229,-122.4353981
60750352022,37.7613507,-122.5061405,37.7613507,-122.5061405
60750615002,37.7860533,-122.3963212,37.7860533,-122.3963212
60750330005,37.7414893,-122.4898624,37.7414893,-122.4898624
60750351003,37.7597848,-122.4992014,37.7597848,-122.4992014
60750351005,37.7560496,-122.4989443,37.7560496,-122.4989443
60750214003,37.7498338,-122.4317151,37.7498338,-122.4317151
60750124023,37.783094,-122.4192115,37.783094,-122.4192115
60750216001,37.7450603,-122.4339978,37.7450603,-122.4339978
60750427003,37.7822165,-122.4907379,37.7822165,-122.4907379
60750102002,37.800965,-122.4219974,37.800965,-122.4219974
60750176015,37.7818182,-122.408017,37.7818182,-122.408017
60750234001,37.723107,-122.3926639,37.723107,-122.3926639
60750314002,37.7145414,-122.4531661,37.7145414,-122.4531661
60750351007,37.7518578,-122.4992144,37.7518578,-122.4992144
60750264022,37.7160065,-122.4007351,37.7160065,-122.4007351
60750155001,37.7858856,-122.4281677,37.7858856,-122.4281677
60750302011,37.7646711,-122.4739229,37.7646711,-122.4739229
60750170002,37.7645638,-122.4391365,37.7645638,-122.4391365
60750206002,37.7572256,-122.4289814,37.7572256,-122.4289814
60750168013,37.7711295,-122.4269492,37.7711295,-122.4269492
60750124022,37.7792376,-122.4185204,37.7792376,-122.4185204
60750107001,37.8002596,-122.4114035,37.8002596,-122.4114035
60750201003,37.766728,-122.4187344,37.766728,-122.4187344
60750168011,37.7723659,-122.4306683,37.7723659,-122.4306683
60750171011,37.7658978,-122.4458189,37.7658978,-122.4458189
60750426011,37.7817735,-122.4815548,37.7817735,-122.4815548
60750123021,37.7866221,-122.4139833,37.7866221,-122.4139833
60750151001,37.7887436,-122.4237409,37.7887436,-122.4237409
60750254013,37.7363803,-122.42307,37.7363803,-122.42307
60750104003,37.8027124,-122.4057279,37.8027124,-122.4057279
60750311004,37.7303053,-122.4500697,37.7303053,-122.4500697
60750106002,37.7982014,-122.4042286,37.7982014,-122.4042286
60750476003,37.7757765,-122.475472,37.7757765,-122.475472
60750476002,37.7776393,-122.4756051,37.7776393,-122.4756051
60750155003,37.7842181,-122.4405351,37.7842181,-122.4405351
60750304001,37.7478431,-122.4623913,37.7478431,-122.4623913
60750314003,37.7119404,-122.4590667,37.7119404,-122.4590667
60750159001,37.7835558,-122.4277081,37.7835558,-122.4277081
60750326013,37.7606005,-122.480649,37.7606005,-122.480649
60750307001,37.7398128,-122.4500688,37.7398128,-122.4500688
60750305003,37.7494646,-122.4574312,37.7494646,-122.4574312
60750128003,37.7978129,-122.4443176,37.7978129,-122.4443176
60750330004,37.7351573,-122.4905768,37.7351573,-122.4905768
60750478021,37.7805658,-122.4960539,37.7805658,-122.4960539
60750153002,37.7863117,-122.4409455,37.7863117,-122.4409455
60750203003,37.764705,-122.4312909,37.764705,-122.4312909
60750176014,37.7753167,-122.4159603,37.7753167,-122.4159603
60750452003,37.7746185,-122.4698202,37.7746185,-122.4698202
60750452004,37.7770116,-122.4688265,37.7770116,-122.4688265
60750212003,37.7537988,-122.4395772,37.7537988,-122.4395772
60750122011,37.7863103,-122.4164466,37.7863103,-122.4164466
60750303014,37.7562244,-122.4709401,37.7562244,-122.4709401
60750162001,37.7782853,-122.4222503,37.7782853,-122.4222503
60750311001,37.7325137,-122.4370037,37.7325137,-122.4370037
60750124021,37.7800821,-122.4153608,37.7800821,-122.4153608
60750301023,37.7600754,-122.4489019,37.7600754,-122.4489019
60750255006,37.7272444,-122.4410913,37.7272444,-122.4410913
60750104002,37.802767,-122.4096738,37.802767,-122.4096738
60750231032,37.7310449,-122.3761804,37.7310449,-122.3761804
60750611003,37.796454,-122.4067969,37.796454,-122.4067969
60750311003,37.7263629,-122.4493444,37.7263629,-122.4493444
60750352012,37.7566323,-122.5104356,37.7566323,-122.5104356
60750615005,37.7815812,-122.3939562,37.7815812,-122.3939562
60750112003,37.7923224,-122.4121175,37.7923224,-122.4121175
60750604001,37.7227802,-122.4916513,37.7227802,-122.4916513
60750156001,37.7797127,-122.4547806,37.7797127,-122.4547806
60750260032,37.7181237,-122.4297594,37.7181237,-122.4297594
60750125011,37.7820162,-122.412111,37.7820162,-122.412111
60750354004,37.7409176,-122.5029472,37.7409176,-122.5029472
60750476004,37.7739109,-122.4753397,37.7739109,-122.4753397
60750254021,37.7367292,-122.4152805,37.7367292,-122.4152805
60750313013,37.7198181,-122.4642682,37.7198181,-122.4642682
60750253004,37.7457383,-122.4203137,37.7457383,-122.4203137
60750261003,37.7185299,-122.4463793,37.7185299,-122.4463793
60750205002,37.7594438,-122.4366809,37.7594438,-122.4366809
60759809001,37.7462861,-122.389477,37.7462861,-122.389477
60750611002,37.7951383,-122.406523,37.7951383,-122.406523
60750353002,37.7421174,-122.4968886,37.7421174,-122.4968886
60750308005,37.7417124,-122.4716792,37.7417124,-122.4716792
60750176012,37.7801187,-122.4098566,37.7801187,-122.4098566
60750169002,37.7661755,-122.4341871,37.7661755,-122.4341871
60750178011,37.7826462,-122.4019289,37.7826462,-122.4019289
60750304005,37.744103,-122.4730442,37.744103,-122.4730442
60750213002,37.7490969,-122.4402554,37.7490969,-122.4402554
60750312014,37.7200305,-122.4607252,37.7200305,-122.4607252
60750111003,37.789363,-122.4187974,37.789363,-122.4187974
60750227021,37.7638388,-122.3958599,37.7638388,-122.3958599
60750215002,37.745096,-122.4244955,37.745096,-122.4244955
60750478023,37.7783225,-122.4962323,37.7783225,-122.4962323
60750309006,37.7311352,-122.4733327,37.7311352,-122.4733327
60750168023,37.7727262,-122.4247094,37.7727262,-122.4247094
60750261002,37.7166748,-122.4433834,37.7166748,-122.4433834
60750201002,37.7677682,-122.4209257,37.7677682,-122.4209257
60750161001,37.7804025,-122.425374,37.7804025,-122.425374
60750312013,37.7233742,-122.4608017,37.7233742,-122.4608017
60750111002,37.7906755,-122.4185102,37.7906755,-122.4185102
60750351001,37.7635435,-122.49946,37.7635435,-122.49946
60750310003,37.7275166,-122.4601429,37.7275166,-122.4601429
60750352023,37.7594901,-122.5059572,37.7594901,-122.5059572
60750314001,37.7169281,-122.45434,37.7169281,-122.45434
60750131012,37.7923973,-122.4244764,37.7923973,-122.4244764
60750157001,37.7805941,-122.4445554,37.7805941,-122.4445554
60750119022,37.791461,-122.409902,37.791461,-122.409902
60750615006,37.7865796,-122.386457,37.7865796,-122.386457
60750257022,37.7302539,-122.4054481,37.7302539,-122.4054481
60750212001,37.7543999,-122.4360194,37.7543999,-122.4360194
60750118001,37.7933506,-122.4061645,37.7933506,-122.4061645
60750227041,37.7627941,-122.4020929,37.7627941,-122.4020929
60750427001,37.78386,-122.4855459,37.78386,-122.4855459
60750257011,37.7306973,-122.4165863,37.7306973,-122.4165863
60750230011,37.7369465,-122.4022092,37.7369465,-122.4022092
60750303022,37.7510686,-122.4678577,37.7510686,-122.4678577
60750178012,37.7814087,-122.4003866,37.7814087,-122.4003866
60750218004,37.7349231,-122.432798,37.7349231,-122.432798
60750256002,37.7276215,-122.417676,37.7276215,-122.417676
60750206003,37.7580663,-122.4328731,37.7580663,-122.4328731
60750170001,37.7674125,-122.4372925,37.7674125,-122.4372925
60750452005,37.7793758,-122.4701433,37.7793758,-122.4701433
60750328011,37.7476448,-122.4776449,37.7476448,-122.4776449
60750332031,37.7154407,-122.476522,37.7154407,-122.476522
60750402004,37.7860938,-122.469486,37.7860938,-122.469486
60750126022,37.8054206,-122.4303483,37.8054206,-122.4303483
60750126021,37.8064743,-122.4356584,37.8064743,-122.4356584
60750112002,37.7930008,-122.4139358,37.7930008,-122.4139358
60750452002,37.7753067,-122.4654909,37.7753067,-122.4654909
60750107002,37.7985171,-122.4105725,37.7985171,-122.4105725
60750204011,37.759658,-122.4444646,37.759658,-122.4444646
60750479015,37.7752493,-122.5074883,37.7752493,-122.5074883
60750161003,37.7798783,-122.4294839,37.7798783,-122.4294839
60750108002,37.7961832,-122.4146169,37.7961832,-122.4146169
60750210002,37.7527716,-122.4229508,37.7527716,-122.4229508
60750129022,37.8014093,-122.4307921,37.8014093,-122.4307921
60750428001,37.7859116,-122.4877376,37.7859116,-122.4877376
60750161004,37.7809224,-122.4310452,37.7809224,-122.4310452
60750353006,37.7456926,-122.5005956,37.7456926,-122.5005956
60750477023,37.7734542,-122.4853272,37.7734542,-122.4853272
60750165004,37.7735717,-122.4527209,37.7735717,-122.4527209
60750605023,37.7097323,-122.4209928,37.7097323,-122.4209928
60750229022,37.7497457,-122.4102214,37.7497457,-122.4102214
60750212002,37.7518161,-122.4386037,37.7518161,-122.4386037
60750119011,37.7909399,-122.4140081,37.7909399,-122.4140081
60750130002,37.7974602,-122.42882,37.7974602,-122.42882
60750309002,37.7293014,-122.4648151,37.7293014,-122.4648151
60750227042,37.7591686,-122.4018891,37.7591686,-122.4018891
60750308003,37.7366925,-122.4672066,37.7366925,-122.4672066
60750308004,37.738241,-122.47149,37.738241,-122.47149
60750264011,37.7130696,-122.4133498,37.7130696,-122.4133498
60750232001,37.7286345,-122.3904134,37.7286345,-122.3904134
60750479012,37.7824907,-122.5098633,37.7824907,-122.5098633
60759802001,37.7850679,-122.5021356,37.7850679,-122.5021356
60750477012,37.7784037,-122.4808532,37.7784037,-122.4808532
60750479013,37.7754213,-122.5037414,37.7754213,-122.5037414
60750332042,37.7183013,-122.4808291,37.7183013,-122.4808291
60750260022,37.7251137,-122.4247736,37.7251137,-122.4247736
60750330006,37.7396263,-122.4897347,37.7396263,-122.4897347
60750214001,37.7509045,-122.4272965,37.7509045,-122.4272965
60750262004,37.709482,-122.4568666,37.709482,-122.4568666
60750310002,37.7273003,-122.4553843,37.7273003,-122.4553843
60750104001,37.8028018,-122.4124855,37.8028018,-122.4124855
60750259001,37.725498,-122.4161018,37.725498,-122.4161018
60750251003,37.7424084,-122.4071226,37.7424084,-122.4071226
60750330001,37.7419041,-122.4804733,37.7419041,-122.4804733
60750327007,37.76234,-122.4946824,37.76234,-122.4946824
60750128001,37.7983583,-122.4385354,37.7983583,-122.4385354
60750163002,37.7753223,-122.4277199,37.7753223,-122.4277199
60750167003,37.7690644,-122.4403187,37.7690644,-122.4403187
60750208001,37.7626334,-122.4194541,37.7626334,-122.4194541
60750153001,37.7872683,-122.4375217,37.7872683,-122.4375217
60750327006,37.7578401,-122.4940977,37.7578401,-122.4940977
60750120001,37.7884288,-122.4186288,37.7884288,-122.4186288
60750479022,37.7790805,-122.5037771,37.7790805,-122.5037771
60750202001,37.7702805,-122.4240414,37.7702805,-122.4240414
60750108003,37.7950491,-122.4136621,37.7950491,-122.4136621
60750207002,37.7583681,-122.4234758,37.7583681,-122.4234758
60750158011,37.7825029,-122.4359176,37.7825029,-122.4359176
60750303013,37.7547604,-122.4661899,37.7547604,-122.4661899
60750401001,37.7874589,-122.4612739,37.7874589,-122.4612739
60750106001,37.8002726,-122.4067088,37.8002726,-122.4067088
60750132002,37.7938915,-122.4366527,37.7938915,-122.4366527
60750110003,37.7932528,-122.4201589,37.7932528,-122.4201589
60750301021,37.7599456,-122.4573289,37.7599456,-122.4573289
60750133005,37.7872766,-122.4573018,37.7872766,-122.4573018
60750215004,37.7439649,-122.4289235,37.7439649,-122.4289235
60750204021,37.7509779,-122.4461442,37.7509779,-122.4461442
60750171013,37.7683128,-122.445746,37.7683128,-122.445746
60750479011,37.7755922,-122.499992,37.7755922,-122.499992
60750230013,37.7314802,-122.4020223,37.7314802,-122.4020223
60750252002,37.7444918,-122.4133685,37.7444918,-122.4133685
60750260011,37.7250159,-122.4309781,37.7250159,-122.4309781
60750260021,37.7273852,-122.4281805,37.7273852,-122.4281805
60750478011,37.7731608,-122.4917543,37.7731608,-122.4917543
60750228033,37.7551696,-122.4098238,37.7551696,-122.4098238
60750113002,37.7937522,-122.4086218,37.7937522,-122.4086218
60750327001,37.7639554,-122.4900527,37.7639554,-122.4900527
60750479021,37.7791149,-122.5074646,37.7791149,-122.5074646
60750215005,37.7463652,-122.4291502,37.7463652,-122.4291502
60750103003,37.7995825,-122.4152437,37.7995825,-122.4152437
60750229021,37.7527165,-122.4105137,37.7527165,-122.4105137
60750253001,37.7439272,-122.418252,37.7439272,-122.418252
60750331002,37.7327867,-122.4827766,37.7327867,-122.4827766
60750311002,37.7301544,-122.4435291,37.7301544,-122.4435291
60750612001,37.7376455,-122.3883951,37.7376455,-122.3883951
60750301022,37.7549652,-122.4595052,37.7549652,-122.4595052
60750127003,37.8004291,-122.4449856,37.8004291,-122.4449856
60750352013,37.7557641,-122.5055861,37.7557641,-122.5055861
60750262002,37.7119223,-122.4491089,37.7119223,-122.4491089
60750259002,37.7217611,-122.408269,37.7217611,-122.408269
60750310001,37.7324468,-122.457456,37.7324468,-122.457456
60750110001,37.7957089,-122.4200393,37.7957089,-122.4200393
60750353005,37.7385516,-122.5001526,37.7385516,-122.5001526
60750428002,37.7881754,-122.4896926,37.7881754,-122.4896926
60750210001,37.7543688,-122.4231027,37.7543688,-122.4231027
60750130001,37.7978719,-122.4255827,37.7978719,-122.4255827
60750107003,37.7971054,-122.4089222,37.7971054,-122.4089222
60750124011,37.7829458,-122.4166093,37.7829458,-122.4166093
60750113001,37.7956564,-122.4100877,37.7956564,-122.4100877
60750303021,37.7542891,-122.4739159,37.7542891,-122.4739159
60750168022,37.7734881,-122.4278574,37.7734881,-122.4278574
60750123012,37.7852195,-122.4136991,37.7852195,-122.4136991
60750125021,37.7843976,-122.4126867,37.7843976,-122.4126867
60750211002,37.7525025,-122.4274498,37.7525025,-122.4274498
60750612002,37.7364014,-122.3921475,37.7364014,-122.3921475
60750228021,37.7628479,-122.4068988,37.7628479,-122.4068988
60750313021,37.7162873,-122.464957,37.7162873,-122.464957
60750479023,37.7793802,-122.5002669,37.7793802,-122.5002669
60750229031,37.7528847,-122.4077288,37.7528847,-122.4077288
60750352021,37.7632405,-122.5063315,37.7632405,-122.5063315
60750252004,37.7414601,-122.4166502,37.7414601,-122.4166502
60750210004,37.749009,-122.4220918,37.749009,-122.4220918
60750428003,37.7865796,-122.4793057,37.7865796,-122.4793057
60750263023,37.7119613,-122.4289152,37.7119613,-122.4289152
60750229013,37.7495584,-122.4148859,37.7495584,-122.4148859
60750329021,37.7545461,-122.4907759,37.7545461,-122.4907759
60750217001,37.7416425,-122.4423448,37.7416425,-122.4423448
60750305001,37.7552307,-122.4521887,37.7552307,-122.4521887
60750107004,37.7980629,-122.4088379,37.7980629,-122.4088379
60750254031,37.7340161,-122.4250063,37.7340161,-122.4250063
60750109002,37.7972166,-122.4195052,37.7972166,-122.4195052
60750331003,37.7315159,-122.4957288,37.7315159,-122.4957288
60750331004,37.7319302,-122.4897162,37.7319302,-122.4897162
60750131021,37.791343,-122.4269192,37.791343,-122.4269192
60759805011,37.7161724,-122.419376,37.7161724,-122.419376
60750308002,37.7383324,-122.4619897,37.7383324,-122.4619897
60750312011,37.721268,-122.4542685,37.721268,-122.4542685
60750312022,37.7194643,-122.4501717,37.7194643,-122.4501717
60750252003,37.7407798,-122.4130007,37.7407798,-122.4130007
60750218002,37.7387999,-122.4275017,37.7387999,-122.4275017
60750112001,37.7939437,-122.4123832,37.7939437,-122.4123832
60750327003,37.7601995,-122.4897893,37.7601995,-122.4897893
60750110002,37.7945749,-122.4192665,37.7945749,-122.4192665
60750128002,37.7960508,-122.4436467,37.7960508,-122.4436467
60750132003,37.793368,-122.4423299,37.793368,-122.4423299
60750332032,37.7166752,-122.480912,37.7166752,-122.480912
60750351006,37.7541859,-122.498808,37.7541859,-122.498808
60750329011,37.7489492,-122.4903858,37.7489492,-122.4903858
60750263012,37.7139726,-122.4406713,37.7139726,-122.4406713
60750257023,37.7264724,-122.4080454,37.7264724,-122.4080454
60750211001,37.7548981,-122.4276735,37.7548981,-122.4276735
60750352011,37.7520387,-122.5052171,37.7520387,-122.5052171
60750263022,37.7101413,-122.4337263,37.7101413,-122.4337263
60750614002,37.7565483,-122.3947728,37.7565483,-122.3947728
60750309003,37.7240235,-122.4660229,37.7240235,-122.4660229
60750217003,37.7393614,-122.4333055,37.7393614,-122.4333055
60750228031,37.755699,-122.4143822,37.755699,-122.4143822
60750263021,37.7122632,-122.4356566,37.7122632,-122.4356566
60750264031,37.7098517,-122.4085403,37.7098517,-122.4085403
60750309005,37.7325145,-122.4689576,37.7325145,-122.4689576
60750312021,37.7191312,-122.45563,37.7191312,-122.45563
60750207003,37.7559691,-122.423247,37.7559691,-122.423247
60750264021,37.7180869,-122.4048062,37.7180869,-122.4048062
60750254032,37.7336216,-122.4179401,37.7336216,-122.4179401
60750233001,37.725419,-122.39777,37.725419,-122.39777
60750264042,37.7094647,-122.4137115,37.7094647,-122.4137115
60750306003,37.7434514,-122.4594953,37.7434514,-122.4594953
60750306001,37.7454284,-122.4565929,37.7454284,-122.4565929
60750161002,37.7784987,-122.4305567,37.7784987,-122.4305567
60750304004,37.7459685,-122.4731807,37.7459685,-122.4731807
60750216002,37.7458328,-122.441343,37.7458328,-122.441343
60750256004,37.7293241,-122.4263794,37.7293241,-122.4263794
60750254012,37.7373708,-122.4183185,37.7373708,-122.4183185
60750304003,37.7481704,-122.4701333,37.7481704,-122.4701333
60750426021,37.7815202,-122.47535,37.7815202,-122.47535
60750264012,37.7140443,-122.4089273,37.7140443,-122.4089273
60750262001,37.7142236,-122.4478811,37.7142236,-122.4478811
60750354002,37.74651,-122.5033419,37.74651,-122.5033419
60750255002,37.7306916,-122.4330166,37.7306916,-122.4330166
60750257012,37.7334327,-122.4093995,37.7334327,-122.4093995
60750263032,37.7096436,-122.4397809,37.7096436,-122.4397809
60750264041,37.7098148,-122.4166842,37.7098148,-122.4166842
60750229033,37.7499313,-122.4073628,37.7499313,-122.4073628
60750354001,37.741914,-122.5083442,37.741914,-122.5083442
60750205003,37.7572119,-122.4372448,37.7572119,-122.4372448
60750163001,37.7771861,-122.4281008,37.7771861,-122.4281008
60750354003,37.7408744,-122.505692,37.7408744,-122.505692
60750255003,37.7277707,-122.43442,37.7277707,-122.43442
60750263031,37.709685,-122.447059,37.709685,-122.447059
60750260041,37.7187367,-122.4371867,37.7187367,-122.4371867
60750104004,37.8001078,-122.4042205,37.8001078,-122.4042205
60750230012,37.7346911,-122.3995652,37.7346911,-122.3995652
60750260042,37.7169324,-122.4340187,37.7169324,-122.4340187
60750352014,37.7576268,-122.5057621,37.7576268,-122.5057621
60750329013,37.7452212,-122.4901214,37.7452212,-122.4901214
60750133004,37.7891063,-122.4550383,37.7891063,-122.4550383
60750264032,37.7128199,-122.404935,37.7128199,-122.404935
60750258002,37.720477,-122.40088,37.720477,-122.40088
60750331001,37.7329037,-122.4775826,37.7329037,-122.4775826
60750230031,37.733342,-122.3967655,37.733342,-122.3967655
60750353004,37.735229,-122.4963114,37.735229,-122.4963114
60750211004,37.7550248,-122.4322159,37.7550248,-122.4322159
60750610001,37.7132283,-122.3846994,37.7132283,-122.3846994
60750261001,37.7210813,-122.4389824,37.7210813,-122.4389824
60750119012,37.7899965,-122.4138184,37.7899965,-122.4138184
60750218003,37.7364561,-122.4290478,37.7364561,-122.4290478
60750254022,37.7369639,-122.4131463,37.7369639,-122.4131463
60759806001,37.7231655,-122.3685424,37.7231655,-122.3685424
60750311005,37.7323364,-122.4465918,37.7323364,-122.4465918
60750263013,37.7120876,-122.4403679,37.7120876,-122.4403679
60750170003,37.7629823,-122.4431402,37.7629823,-122.4431402
60750477022,37.7746071,-122.4805779,37.7746071,-122.4805779
60750314005,37.7171403,-122.4597016,37.7171403,-122.4597016
60750353003,37.738277,-122.4969167,37.738277,-122.4969167
60750234002,37.7203103,-122.3879153,37.7203103,-122.3879153
60750304002,37.7464828,-122.4665798,37.7464828,-122.4665798
60750257013,37.729436,-122.4112717,37.729436,-122.4112717
60750305002,37.7507522,-122.4508759,37.7507522,-122.4508759
60750329023,37.7508133,-122.490514,37.7508133,-122.490514
60750230032,37.7313056,-122.3939249,37.7313056,-122.3939249
60750254023,37.7369392,-122.4107948,37.7369392,-122.4107948
60750256003,37.7263781,-122.4211115,37.7263781,-122.4211115
60750231021,37.7355241,-122.3840235,37.7355241,-122.3840235
60750231031,37.7386828,-122.3758227,37.7386828,-122.3758227
60750259003,37.7197949,-122.4040965,37.7197949,-122.4040965
60750605021,37.7128085,-122.4189557,37.7128085,-122.4189557
60750264023,37.7161107,-122.4054284,37.7161107,-122.4054284
60750309001,37.7335458,-122.46263,37.7335458,-122.46263
60750605022,37.7114752,-122.4189132,37.7114752,-122.4189132